{"cameraMode":{"drawMode":0,"name":"Shaded","section":"Shading Mode"},"sceneLighting":false,"audioPlay":false,"sceneViewState":{"m_AlwaysRefresh":false,"showFog":true,"showSkybox":false,"showFlares":true,"showImageEffects":true,"showParticleSystems":true,"showVisualEffectGraphs":true,"m_FxEnabled":true},"in2DMode":false,"pivot":{"x":0.18839308619499207,"y":0.18056507408618928,"z":-0.7362786531448364},"rotation":{"x":-0.026832733303308488,"y":-0.7684686183929443,"z":-0.032295215874910358,"w":0.6385146379470825},"size":1.6331968307495118,"orthographic":true}